insert into books (author, title, priceOld, price, parameter_id)
values ('Drucie Goodbourn', 'exploit real-time e-commerce', '$203.23', '$43.37', 1);
insert into books (author, title, priceOld, price, parameter_id)
values ('Marcia Aggiss', 'utilize real-time interfaces', '$260.31', '$35.96', 2);
insert into books (author, title, priceOld, price, parameter_id)
values ('Giovanni Bigg', 'extend strategic e-services', '$272.00', '$151.04', 3);
insert into books (author, title, priceOld, price, parameter_id)
values ('Duffie Eynon', 'iterate integrated solutions', '$271.58', '$141.40', 5);
insert into books (author, title, priceOld, price, parameter_id)
values ('Anselma McKennan', 'cultivate magnetic e-commerce', '$278.43', '$54.44', 4);
insert into books (author, title, priceOld, price, parameter_id)
values ('Gert Kira', 'architect vertical ROI', '$282.54', '$102.61', 5);
insert into books (author, title, priceOld, price, parameter_id)
values ('Clerc Djakovic', 'disintermediate extensible architectures', '$295.38', '$181.27', 6);
insert into books (author, title, priceOld, price, parameter_id)
values ('Stacee Elsy', 'extend leading-edge methodologies', '$283.08', '$97.96', 3);
insert into books (author, title, priceOld, price, parameter_id)
values ('Dorotea Bonhill', 'integrate one-to-one systems', '$258.51', '$52.25', 7);
insert into books (author, title, priceOld, price, parameter_id)
values ('Minni Bunney', 'revolutionize 24/7 infrastructures', '$260.79', '$33.69', 2);
insert into books (author, title, priceOld, price, parameter_id)
values ('Berty Gandley', 'enhance innovative e-services', '$256.54', '$160.98', 3);
insert into books (author, title, priceOld, price, parameter_id)
values ('Raynard Tesdale', 'maximize 24/365 e-tailers', '$262.07', '$34.06', 5);
insert into books (author, title, priceOld, price, parameter_id)
values ('Joanna Hutfield', 'scale integrated architectures', '$257.66', '$32.97', 1);
insert into books (author, title, priceOld, price, parameter_id)
values ('Dannie Glidder', 'e-enable frictionless web services', '$288.19', '$90.52', 2);
insert into books (author, title, priceOld, price, parameter_id)
values ('Timmie Adshede', 'strategize B2B channels', '$232.27', '$44.83', 3);
insert into books (author, title, priceOld, price, parameter_id)
values ('Fernando Neads', 'syndicate compelling deliverables', '$287.45', '$101.89', 6);
insert into books (author, title, priceOld, price, parameter_id)
values ('Teddy Guilliland', 'utilize bleeding-edge users', '$281.37', '$146.21', 1);
insert into books (author, title, priceOld, price, parameter_id)
values ('Paloma Grebert', 'cultivate 24/365 networks', '$270.99', '$184.76', 2);
insert into books (author, title, priceOld, price, parameter_id)
values ('Kristos Usher', 'embrace plug-and-play platforms', '$278.36', '$77.71', 3);
insert into books (author, title, priceOld, price, parameter_id)
values ('Darcey Rohmer', 'target innovative paradigms', '$298.94', '$130.01', 4);
insert into books (author, title, priceOld, price, parameter_id)
values ('Cristie Isacsson', 'generate open-source e-business', '$276.57', '$113.25', 1);
insert into books (author, title, priceOld, price, parameter_id)
values ('Lindsay Coutthart', 'implement user-centric e-markets', '$254.70', '$115.31', 2);
insert into books (author, title, priceOld, price, parameter_id)
values ('Helyn Schneidar', 'utilize magnetic supply-chains', '$279.70', '$77.86', 3);
insert into books (author, title, priceOld, price, parameter_id)
values ('Bette-ann Askem', 'e-enable dot-com supply-chains', '$297.83', '$110.15', 2);
insert into books (author, title, priceOld, price, parameter_id)
values ('Dom Robuchon', 'facilitate efficient eyeballs', '$232.30', '$131.48', 1);

insert into books_author(books_id, author_id) values (1,1);
insert into books_author(books_id, author_id) values (2,2);
insert into books_author(books_id, author_id) values (3,3);
insert into books_author(books_id, author_id) values (4,4);
insert into books_author(books_id, author_id) values (5,5);
insert into books_author(books_id, author_id) values (6,6);
insert into books_author(books_id, author_id) values (7,7);
insert into books_author(books_id, author_id) values (8,8);
insert into books_author(books_id, author_id) values (9,9);
insert into books_author(books_id, author_id) values (10,10);
insert into books_author(books_id, author_id) values (11,11);
insert into books_author(books_id, author_id) values (12,12);
insert into books_author(books_id, author_id) values (13,13);
insert into books_author(books_id, author_id) values (14,14);
insert into books_author(books_id, author_id) values (15,15);
insert into books_author(books_id, author_id) values (16,16);
insert into books_author(books_id, author_id) values (17,17);
insert into books_author(books_id, author_id) values (18,18);
insert into books_author(books_id, author_id) values (19,19);
insert into books_author(books_id, author_id) values (20,20);
insert into books_author(books_id, author_id) values (21,21);
insert into books_author(books_id, author_id) values (22,22);
insert into books_author(books_id, author_id) values (23,23);
insert into books_author(books_id, author_id) values (24,24);
insert into books_author(books_id, author_id) values (25,25);

insert into author (name, surname, full_name)
values ('Goodbourn', 'Drucie', 'Drucie Goodbourn');
insert into author (name, surname, full_name)
values ('Aggiss', 'Marcia', 'Marcia Aggiss');
insert into author (name, surname, full_name)
values ('Bigg', 'Giovanni', 'Giovanni Bigg');
insert into author (name, surname, full_name)
values ('Eynon', 'Duffie', 'Duffie Eynon');
insert into author (name, surname, full_name)
values ('McKennan', 'Anselma', 'Anselma McKennan');
insert into author (name, surname, full_name)
values ('Kira', 'Gert', 'Gert Kira');
insert into author (name, surname, full_name)
values ('Djakovic', 'Clerc', 'Clerc Djakovic');
insert into author (name, surname, full_name)
values ('Elsy', 'Stacee', 'Stacee Elsy');
insert into author (name, surname, full_name)
values ('Bonhill', 'Dorotea', 'Dorotea Bonhill');
insert into author (name, surname, full_name)
values ('Bunney', 'Minni', 'Minni Bunney');
insert into author (name, surname, full_name)
values ('Gandley', 'Berty', 'Berty Gandley');
insert into author (name, surname, full_name)
values ('Tesdale', 'Raynard', 'Raynard Tesdale');
insert into author (name, surname, full_name)
values ('Hutfield', 'Joanna', 'Joanna Hutfield');
insert into author (name, surname, full_name)
values ('Glidder', 'Dannie', 'Dannie Glidder');
insert into author (name, surname, full_name)
values ('Adshede', 'Timmie', 'Timmie Adshede');
insert into author (name, surname, full_name)
values ('Neads', 'Fernando', 'Fernando Neads');
insert into author (name, surname, full_name)
values ('Guilliland', 'Teddy', 'Teddy Guilliland');
insert into author (name, surname, full_name)
values ('Grebert', 'Paloma', 'Paloma Grebert');
insert into author (name, surname, full_name)
values ('Usher', 'Kristos', 'Kristos Usher');
insert into author (name, surname, full_name)
values ('Rohmer', 'Darcey', 'Darcey Rohmer');
insert into author (name, surname, full_name)
values ('Isacsson', 'Cristie', 'Cristie Isacsson');
insert into author (name, surname, full_name)
values ('Coutthart', 'Lindsay', 'Lindsay Coutthart');
insert into author (name, surname, full_name)
values ('Schneidar', 'Helyn', 'Helyn Schneidar');
insert into author (name, surname, full_name)
values ('Askem','Bette-ann', 'Bette-ann Askem');
insert into author (name, surname, full_name)
values ('Robuchon', 'Dom', 'Dom Robuchon');


insert into parameter_books(popular, new, recommended) values ('X', '', '');
insert into parameter_books(popular, new, recommended) values ('', 'X', '');
insert into parameter_books(popular, new, recommended) values ('', '', 'X');
insert into parameter_books(popular, new, recommended) values ('X', 'X', '');
insert into parameter_books(popular, new, recommended) values ('', 'X', 'X');
insert into parameter_books(popular, new, recommended) values ('X', '', 'X');
insert into parameter_books(popular, new, recommended) values ('X', 'X', 'X');
